ticker,short_interest_%,days_to_cover,squeeze_skor,is_micro
A,2.29,2.76,20.67,0
AAPL,0.96,2.97,17.73,0
ABBV,1.23,4.0,23.69,0
ABNB,3.44,2.56,23.12,0
ABT,1.43,2.83,18.44,0
ACGL,2.53,4.23,28.74,0
ACHR,14.6,2.5,56.3,0
ACN,4.64,4.62,37.02,0
ADBE,4.89,3.99,34.62,0
ADI,2.02,2.43,18.21,0
ADM,3.93,3.59,29.74,0
ADP,3.03,4.98,33.99,0
ADSK,4.49,4.45,35.72,0
AEE,5.1,8.27,56.65,0
AEP,4.47,6.61,46.46,0
AES,2.46,2.35,19.13,0
AFL,2.84,5.18,34.42,0
AFRM,5.32,3.37,32.81,0
AI,31.49,10.08,100.0,0
AIG,1.93,2.93,20.44,0
AIZ,3.76,3.65,29.53,0
AJG,2.64,5.09,33.37,0
AKAM,15.56,5.46,73.98,0
ALB,0.06,0.03,0.33,0
ALGN,6.2,4.37,40.45,0
ALL,0.0,0.0,0.0,0
ALLE,4.67,2.89,28.46,0
ALT,25.59,11.28,100.0,0
AMAT,1.97,2.17,16.76,0
AMC,4.23,1.69,21.14,0
AMCR,4.49,4.91,38.02,0
AMD,2.57,1.88,17.11,0
AME,1.27,1.88,13.21,0
AMGN,2.4,5.11,32.75,0
AMP,4.21,7.18,48.53,0
AMT,1.47,2.65,17.66,0
AMZN,0.94,2.16,13.62,0
ANET,1.39,1.96,13.97,0
AON,1.8,4.15,26.15,0
AOS,11.01,7.32,69.63,0
APA,9.1,4.22,48.4,0
APD,1.85,4.12,26.15,0
APH,1.24,2.32,15.32,0
APO,4.33,6.77,46.84,0
APP,3.63,1.54,18.59,0
APTV,7.05,1.85,30.4,0
ARDX,8.98,4.44,49.14,0
ARE,5.9,3.35,34.45,0
ARES,14.48,6.99,78.39,0
ARM,11.52,3.87,53.91,0
ASTS,21.46,5.92,93.98,0
ATO,2.97,4.29,30.36,0
AVGO,1.08,2.58,16.14,0
AVY,4.1,2.53,24.95,0
AWK,7.53,5.2,48.59,0
AXON,5.28,4.02,35.94,0
AXP,1.99,4.48,28.37,0
AXSM,9.12,4.57,50.21,0
AZO,2.99,1.94,18.67,0
BA,0.01,0.02,0.13,0
BAC,0.0,0.0,0.0,0
BALL,3.43,4.4,32.29,0
BAX,7.11,3.66,39.63,0
BBAI,30.5,6.85,100.0,0
BBY,7.97,3.8,42.91,0
BDX,4.47,5.76,42.21,0
BEAM,38.62,15.84,100.0,0
BEN,4.21,4.26,33.93,0
BF-B,12.54,4.55,60.37,0
BG,5.07,4.81,39.26,0
BIIB,4.32,7.4,49.96,0
BITF,0.0,0.0,0.0,0
BKNG,2.69,3.75,26.82,0
BKR,3.08,4.19,30.19,0
BLDR,8.69,4.08,46.47,0
BLK,1.26,3.33,20.43,0
BLNK,10.34,12.33,92.67,1
BMY,2.16,4.07,26.83,0
BNTX,3.45,1.31,16.9,0
BNY,0.0,0.01,0.05,0
BOWL,0.0,0.0,0.0,0
BR,2.94,2.17,19.67,0
BRK-B,0.96,2.33,14.53,0
BRO,5.5,7.62,54.6,0
BSX,3.33,2.48,22.39,0
BTBT,19.17,2.26,68.81,0
BX,2.88,5.53,36.29,0
BXP,9.35,9.37,74.9,0
BYND,27.51,2.5,95.03,1
C,0.03,0.06,0.39,0
CAH,3.34,3.62,28.12,0
CAN,9.13,6.04,57.59,1
CAR,49.48,13.72,100.0,0
CARR,2.25,2.81,20.8,0
CART,10.91,3.72,51.33,0
CASY,4.2,4.6,35.6,0
CAT,1.83,2.8,19.49,0
CAVA,11.93,4.01,55.84,0
CB,0.85,2.05,12.8,0
CBOE,2.98,2.87,23.29,0
CBRE,1.69,3.51,22.62,0
CCI,2.73,3.15,23.94,0
CCL,3.38,2.45,22.39,0
CDNS,2.12,2.85,20.61,0
CDW,8.42,4.62,48.36,0
CEG,3.65,4.52,33.55,0
CELH,11.62,2.24,46.06,0
CF,6.59,3.4,36.77,0
CFG,0.01,0.01,0.08,0
CHD,5.71,6.62,50.23,0
CHPT,19.79,15.13,100.0,1
CHRW,4.56,2.93,28.33,0
CHTR,33.62,5.79,100.0,0
CHWY,10.45,3.63,49.5,0
CI,2.65,3.55,25.7,0
CIEN,3.71,1.76,19.93,0
CIFR,20.99,1.97,72.82,0
CINF,2.75,7.37,45.1,0
CL,2.4,3.96,27.0,0
CLOV,5.64,5.5,44.42,0
CLSK,42.41,3.84,100.0,0
CLX,10.17,3.51,48.06,0
CMCSA,2.64,3.63,26.07,0
CME,1.75,2.9,19.75,0
CMG,3.56,2.22,21.78,0
CMI,2.69,3.37,24.92,0
CMS,0.01,0.01,0.08,0
CNC,3.11,3.26,25.63,0
CNP,8.58,7.16,61.54,0
COF,2.01,3.56,23.83,0
COHR,6.44,1.46,26.62,0
COIN,12.45,2.72,50.95,0
COO,5.29,5.05,41.12,0
COP,1.4,2.42,16.3,0
COR,2.7,3.16,23.9,0
CORZ,22.79,5.43,95.52,0
COST,1.71,4.27,26.48,0
CPAY,4.33,5.41,40.04,0
CPRT,5.09,3.69,33.72,0
CPT,4.45,4.91,37.9,0
CRH,2.17,2.82,20.61,0
CRL,6.14,2.63,31.57,0
CRM,4.1,1.9,21.8,0
CRSP,22.23,12.58,100.0,0
CRWD,2.41,2.59,20.18,0
CSCO,1.41,2.71,17.78,0
CSGP,4.7,2.72,27.7,0
CSX,2.22,4.22,27.76,0
CTAS,3.89,6.4,43.67,0
CTSH,7.92,4.48,46.16,0
CTVA,3.05,3.57,27.0,0
CVNA,12.32,7.51,74.51,0
CVS,1.43,2.32,15.89,0
CVX,1.05,2.53,15.8,0
D,3.09,7.49,46.72,0
DAL,3.86,5.43,38.73,0
DASH,4.48,4.08,33.84,0
DD,4.06,2.92,26.78,0
DDOG,3.51,2.03,20.68,0
DE,1.95,4.49,28.3,0
DECK,7.35,3.7,40.55,0
DELL,4.88,2.7,28.14,0
DG,3.02,2.53,21.71,0
DGX,3.13,4.25,30.64,0
DHI,4.75,5.27,40.6,0
DHR,1.54,2.83,18.77,0
DIS,1.2,2.16,14.4,0
DJT,8.66,3.25,42.23,0
DKNG,7.89,2.96,38.47,0
DLR,0.0,0.0,0.0,0
DLTR,4.94,3.23,30.97,0
DOC,4.56,4.75,37.43,0
DOV,4.33,5.1,38.49,0
DOW,5.79,4.43,39.52,0
DPZ,9.97,3.51,47.46,0
DRI,7.87,6.66,56.91,0
DTE,2.71,3.79,27.08,0
DUK,2.44,3.75,26.07,0
DUOL,21.57,5.75,93.46,0
DVA,14.41,4.72,66.83,0
DVN,2.62,2.66,21.16,0
DXCM,5.39,3.37,33.02,0
EBAY,4.06,3.83,31.33,0
ECHO,24.54,7.85,100.0,0
ECL,1.93,3.31,22.34,0
ED,3.41,4.36,32.03,0
EFX,7.7,7.24,59.3,0
EG,5.47,6.25,47.66,0
EH,16.04,12.76,100.0,0
EIX,5.28,3.25,32.09,0
EL,3.16,1.93,19.13,0
ELV,2.83,6.12,39.09,0
EME,2.08,2.4,18.24,0
EMR,1.58,3.23,20.89,0
ENPH,21.29,5.73,92.52,0
ENVX,27.4,6.37,100.0,0
EOG,3.15,5.08,34.85,0
EQIX,1.91,2.81,19.78,0
EQT,3.73,3.33,27.84,0
ERIE,10.47,7.78,70.31,0
ES,3.21,4.23,30.78,0
ESS,5.88,5.61,45.69,0
ETN,1.86,3.59,23.53,0
ETR,4.96,9.96,64.68,0
EVRG,9.37,9.21,74.16,0
EW,1.78,2.94,20.04,0
EXC,3.54,5.18,36.52,0
EXE,3.64,3.23,27.07,0
EXPD,3.81,4.25,32.68,0
EXPE,5.59,3.41,33.82,0
EXR,2.9,4.97,33.55,0
F,0.0,0.0,0.0,0
FANG,4.23,4.4,34.69,0
FAST,3.45,5.03,35.5,0
FCEL,25.17,2.6,88.51,0
FCX,2.15,2.16,17.25,0
FDS,14.46,5.62,71.48,0
FDX,1.99,3.25,22.22,0
FDXF,0.0,3.13,15.65,0
FE,6.7,7.13,55.75,0
FERG,3.21,1.34,16.33,0
FFIV,3.67,2.71,24.56,0
FICO,10.0,5.43,57.15,0
FIS,3.82,2.73,25.11,0
FISV,0.0,0.0,0.0,0
FITB,0.0,0.0,0.0,0
FIX,2.99,2.3,20.47,0
FLEX,3.0,3.08,24.4,0
FOX,7.71,9.97,72.98,0
FOXA,26.85,8.36,100.0,0
FRT,0.03,0.03,0.24,0
FSLR,11.47,3.72,53.01,0
FTNT,2.23,2.89,21.14,0
FTV,6.57,6.65,52.96,0
GD,1.14,3.25,19.67,0
GDDY,6.43,2.74,32.99,0
GE,1.54,4.45,26.87,0
GEHC,4.76,6.58,47.18,0
GEN,6.45,6.1,49.85,0
GEV,3.29,4.28,31.27,0
GILD,1.86,3.62,23.68,0
GIS,11.2,5.6,61.6,0
GL,0.05,0.07,0.5,0
GLW,2.63,2.03,18.04,0
GM,2.48,4.17,28.29,0
GME,13.91,7.43,78.88,0
GNRC,4.57,2.44,25.91,0
GOOG,0.0,2.58,12.9,0
GOOGL,1.32,3.01,19.01,0
GPC,6.2,6.54,51.3,0
